<?xml version="1.0" encoding="UTF-8"?>
<!DOCTYPE hibernate-configuration PUBLIC
"-//Hibernate/Hibernate Configuration DTD 3.0//EN"
"http://hibernate.sourceforge.net/hibernate-configuration-3.0.dtd">
<hibernate-configuration>
	<session-factory>
		<!-- database connection setting -->
		<property name="connection.url">jdbc:mysql://localhost:3306/raj_exp2</property>
		<property name="connection.username">root</property>
		<property name="connection.password">root</property>
		<property name="connection.driver_class">com.mysql.jdbc.Driver</property>
		<property name="dialect">org.hibernate.dialect.MySQLDialect</property>
		<property name="show_sql">true</property>

		<!-- <property name="format_sql">true</property> -->
		
		<!-- disable the second level cache * -->
		<property name="cache.provider_class">org.hibernate.cache.NoCacheProvider</property>
	
		<property name="hbm2ddl.auto">update</property>
		<!-- jdbc connection pool build in -->
		<property name="connection.pool_size">100</property>
		<!-- <property name="current_session_context_class">thread</property> -->
		<mapping class="com.demo.Book" />
	</session-factory>
</hibernate-configuration>