<?xml version="1.0"?>
<Employee_Info
  xmlns:xsi="http://www.w3.org/2001/XMLSchema-instance"
  xsi:noNamespaceSchemaLocation="employee.xs">
  
  <Employee Employee_Number="105">
	    <Name>Masashi Okamura</Name>
	    <Department>Design Department</Department>
	    <Telephone>03-1452-4567</Telephone>
	    <Email>okamura@xmltr.co.jp</Email>
  </Employee>
  
  <Employee  Employee_Number="109">
	    <Name>Aiko Tanaka</Name>
	    <Department>Sales Department</Department>
	    <Telephone>03-6459-98764</Telephone>
	    <Email>tanaka@xmltr.co.jp</Email>
	  </Employee>
</Employee_Info>
